Guess	Accuracy	Threshold	Lost Tweets
1.00	0.28	1.000000	0
0.90	0.295	0.999346	127
0.80	0.315	0.998898	240
0.70	0.338	0.998638	345
0.60	0.368	0.997936	469
0.50	0.389	0.996990	585
0.40	0.431	0.995410	700
0.30	0.457	0.992516	783
0.20	0.506	0.985862	874
0.10	0.471	0.961884	948
0.05	0.469	0.916829	986